"","Df","SumOfSqs","R2","F","Pr(>F)"
"data.scores$treatment",4,0.105480924451965,0.0223867627710091,0.435088720622082,0.9244
"Residual",76,4.60627331759336,0.977613237228991,NA,NA
"Total",80,4.71175424204533,1,NA,NA
