"","Df","SumOfSqs","R2","F","Pr(>F)"
"data.scores$treatment",4,0.0602221880509285,0.00940840170351556,0.180457448532985,0.9991
"Residual",76,6.34067245364212,0.990591598296484,NA,NA
"Total",80,6.40089464169305,1,NA,NA
